[{"model": "admin.logentry", "pk": 1, "fields": {"action_time": "2023-01-17T15:40:50.116Z", "user": 1, "content_type": 7, "object_id": "1", "object_repr": "mukhammadkodirmakhmudjanov@gmail.com", "action_flag": 1, "change_message": "[{\"added\": {}}]"}}, {"model": "admin.logentry", "pk": 2, "fields": {"action_time": "2023-01-17T16:22:12.257Z", "user": 1, "content_type": 7, "object_id": "1", "object_repr": "mukhammadkodirmakhmudjanov@gmail.com", "action_flag": 2, "change_message": "[{\"changed\": {\"fields\": [\"Profile picture\", \"Cover photo\"]}}]"}}, {"model": "admin.logentry", "pk": 3, "fields": {"action_time": "2023-01-18T06:03:33.543Z", "user": 1, "content_type": 6, "object_id": "2", "object_repr": "", "action_flag": 1, "change_message": "[{\"added\": {}}]"}}, {"model": "admin.logentry", "pk": 4, "fields": {"action_time": "2023-01-18T06:08:50.586Z", "user": 1, "content_type": 6, "object_id": "2", "object_repr": "", "action_flag": 3, "change_message": ""}}, {"model": "admin.logentry", "pk": 5, "fields": {"action_time": "2023-01-18T06:09:33.137Z", "user": 1, "content_type": 6, "object_id": "4", "object_repr": "", "action_flag": 1, "change_message": "[{\"added\": {}}]"}}, {"model": "admin.logentry", "pk": 6, "fields": {"action_time": "2023-01-18T06:38:33.544Z", "user": 1, "content_type": 7, "object_id": "1", "object_repr": "mukhammadkodirmakhmudjanov@gmail.com", "action_flag": 3, "change_message": ""}}, {"model": "admin.logentry", "pk": 7, "fields": {"action_time": "2023-01-18T06:38:45.295Z", "user": 1, "content_type": 6, "object_id": "1", "object_repr": "mukhammadkodirmakhmudjanov@gmail.com", "action_flag": 2, "change_message": "[{\"changed\": {\"fields\": [\"Last name\"]}}]"}}, {"model": "admin.logentry", "pk": 8, "fields": {"action_time": "2023-01-18T06:44:13.475Z", "user": 1, "content_type": 6, "object_id": "4", "object_repr": "", "action_flag": 3, "change_message": ""}}, {"model": "admin.logentry", "pk": 9, "fields": {"action_time": "2023-01-18T06:45:03.089Z", "user": 1, "content_type": 6, "object_id": "9", "object_repr": "", "action_flag": 1, "change_message": "[{\"added\": {}}]"}}, {"model": "admin.logentry", "pk": 10, "fields": {"action_time": "2023-01-18T06:46:26.063Z", "user": 1, "content_type": 6, "object_id": "9", "object_repr": "mm30@usf.edu", "action_flag": 2, "change_message": "[{\"changed\": {\"fields\": [\"First name\", \"Last name\", \"Email\"]}}]"}}, {"model": "admin.logentry", "pk": 11, "fields": {"action_time": "2023-01-18T06:47:10.847Z", "user": 1, "content_type": 6, "object_id": "10", "object_repr": "", "action_flag": 1, "change_message": "[{\"added\": {}}]"}}, {"model": "admin.logentry", "pk": 12, "fields": {"action_time": "2023-01-18T06:47:32.450Z", "user": 1, "content_type": 6, "object_id": "10", "object_repr": "makhmudjanov003@gmail.com", "action_flag": 2, "change_message": "[{\"changed\": {\"fields\": [\"First name\", \"Last name\", \"Email\"]}}]"}}, {"model": "admin.logentry", "pk": 13, "fields": {"action_time": "2023-01-18T06:48:48.589Z", "user": 1, "content_type": 6, "object_id": "10", "object_repr": "makhmudjanov003@gmail.com", "action_flag": 3, "change_message": ""}}, {"model": "admin.logentry", "pk": 14, "fields": {"action_time": "2023-01-18T06:49:04.582Z", "user": 1, "content_type": 6, "object_id": "11", "object_repr": "", "action_flag": 1, "change_message": "[{\"added\": {}}]"}}, {"model": "admin.logentry", "pk": 15, "fields": {"action_time": "2023-01-18T06:49:27.648Z", "user": 1, "content_type": 6, "object_id": "11", "object_repr": "makhmudjanov003@gmail.com", "action_flag": 2, "change_message": "[{\"changed\": {\"fields\": [\"First name\", \"Last name\", \"Email\"]}}]"}}, {"model": "admin.logentry", "pk": 16, "fields": {"action_time": "2023-01-19T12:27:15.925Z", "user": 1, "content_type": 6, "object_id": "21", "object_repr": "vendorcha@gmail.com", "action_flag": 3, "change_message": ""}}, {"model": "admin.logentry", "pk": 17, "fields": {"action_time": "2023-01-19T12:27:16.135Z", "user": 1, "content_type": 6, "object_id": "20", "object_repr": "vendor@gmail.com", "action_flag": 3, "change_message": ""}}, {"model": "admin.logentry", "pk": 18, "fields": {"action_time": "2023-01-19T12:27:16.141Z", "user": 1, "content_type": 6, "object_id": "19", "object_repr": "good@gmail.com", "action_flag": 3, "change_message": ""}}, {"model": "admin.logentry", "pk": 19, "fields": {"action_time": "2023-01-19T12:27:16.146Z", "user": 1, "content_type": 6, "object_id": "18", "object_repr": "break@gmail.com", "action_flag": 3, "change_message": ""}}, {"model": "admin.logentry", "pk": 20, "fields": {"action_time": "2023-01-19T12:27:16.161Z", "user": 1, "content_type": 6, "object_id": "17", "object_repr": "gear@gmail.com", "action_flag": 3, "change_message": ""}}, {"model": "admin.logentry", "pk": 21, "fields": {"action_time": "2023-01-19T12:27:16.182Z", "user": 1, "content_type": 6, "object_id": "16", "object_repr": "test@gmail.com", "action_flag": 3, "change_message": ""}}, {"model": "admin.logentry", "pk": 22, "fields": {"action_time": "2023-01-19T12:27:16.186Z", "user": 1, "content_type": 6, "object_id": "15", "object_repr": "jerry@gmail.com", "action_flag": 3, "change_message": ""}}, {"model": "admin.logentry", "pk": 23, "fields": {"action_time": "2023-01-19T12:27:16.188Z", "user": 1, "content_type": 6, "object_id": "14", "object_repr": "joebrat@gmail.com", "action_flag": 3, "change_message": ""}}, {"model": "admin.logentry", "pk": 24, "fields": {"action_time": "2023-01-19T12:27:16.191Z", "user": 1, "content_type": 6, "object_id": "13", "object_repr": "johnblack@gmail.com", "action_flag": 3, "change_message": ""}}, {"model": "admin.logentry", "pk": 25, "fields": {"action_time": "2023-01-19T12:27:16.193Z", "user": 1, "content_type": 6, "object_id": "12", "object_repr": "muhammad@gmail.com", "action_flag": 3, "change_message": ""}}, {"model": "admin.logentry", "pk": 26, "fields": {"action_time": "2023-01-19T12:27:49.557Z", "user": 1, "content_type": 6, "object_id": "11", "object_repr": "makhmudjanov003@gmail.com", "action_flag": 2, "change_message": "[{\"changed\": {\"fields\": [\"Role\"]}}]"}}, {"model": "admin.logentry", "pk": 27, "fields": {"action_time": "2023-01-19T12:27:55.742Z", "user": 1, "content_type": 6, "object_id": "9", "object_repr": "mm30@usf.edu", "action_flag": 2, "change_message": "[{\"changed\": {\"fields\": [\"Role\"]}}]"}}, {"model": "admin.logentry", "pk": 28, "fields": {"action_time": "2023-01-19T12:31:58.850Z", "user": 1, "content_type": 6, "object_id": "11", "object_repr": "makhmudjanov003@gmail.com", "action_flag": 2, "change_message": "[{\"changed\": {\"fields\": [\"Is active\"]}}]"}}, {"model": "admin.logentry", "pk": 29, "fields": {"action_time": "2023-01-19T14:51:10.103Z", "user": 1, "content_type": 6, "object_id": "9", "object_repr": "mm30@usf.edu", "action_flag": 3, "change_message": ""}}, {"model": "admin.logentry", "pk": 30, "fields": {"action_time": "2023-01-19T14:51:28.348Z", "user": 1, "content_type": 6, "object_id": "22", "object_repr": "", "action_flag": 1, "change_message": "[{\"added\": {}}]"}}, {"model": "admin.logentry", "pk": 31, "fields": {"action_time": "2023-01-19T14:51:45.849Z", "user": 1, "content_type": 6, "object_id": "22", "object_repr": "mm30@usf.edu", "action_flag": 2, "change_message": "[{\"changed\": {\"fields\": [\"First name\", \"Last name\", \"Email\"]}}]"}}, {"model": "admin.logentry", "pk": 32, "fields": {"action_time": "2023-01-19T14:53:03.391Z", "user": 1, "content_type": 6, "object_id": "22", "object_repr": "mm30@usf.edu", "action_flag": 2, "change_message": "[{\"changed\": {\"fields\": [\"Is active\"]}}]"}}, {"model": "admin.logentry", "pk": 33, "fields": {"action_time": "2023-01-19T14:57:06.030Z", "user": 1, "content_type": 6, "object_id": "22", "object_repr": "mm30@usf.edu", "action_flag": 2, "change_message": "[{\"changed\": {\"fields\": [\"Role\"]}}]"}}, {"model": "admin.logentry", "pk": 34, "fields": {"action_time": "2023-01-20T04:56:28.881Z", "user": 1, "content_type": 6, "object_id": "23", "object_repr": "mmukhammadkodir@gmail.com", "action_flag": 3, "change_message": ""}}, {"model": "admin.logentry", "pk": 35, "fields": {"action_time": "2023-01-20T05:10:25.515Z", "user": 1, "content_type": 6, "object_id": "24", "object_repr": "mmukhammadkodir@gmail.com", "action_flag": 3, "change_message": ""}}, {"model": "admin.logentry", "pk": 36, "fields": {"action_time": "2023-01-20T05:59:05.029Z", "user": 1, "content_type": 6, "object_id": "11", "object_repr": "makhmudjanov003@gmail.com", "action_flag": 3, "change_message": ""}}, {"model": "admin.logentry", "pk": 37, "fields": {"action_time": "2023-01-20T06:00:21.219Z", "user": 1, "content_type": 6, "object_id": "25", "object_repr": "mmukhammadkodir@gmail.com", "action_flag": 3, "change_message": ""}}, {"model": "admin.logentry", "pk": 38, "fields": {"action_time": "2023-01-20T06:56:07.841Z", "user": 1, "content_type": 6, "object_id": "26", "object_repr": "mmukhammadkodir@gmail.com", "action_flag": 3, "change_message": ""}}, {"model": "admin.logentry", "pk": 39, "fields": {"action_time": "2023-01-20T07:31:16.978Z", "user": 1, "content_type": 6, "object_id": "22", "object_repr": "mm30@usf.edu", "action_flag": 3, "change_message": ""}}, {"model": "admin.logentry", "pk": 40, "fields": {"action_time": "2023-01-21T01:22:44.347Z", "user": 1, "content_type": 8, "object_id": "2", "object_repr": "BurgerKing", "action_flag": 2, "change_message": "[{\"changed\": {\"fields\": [\"Is approved\"]}}]"}}, {"model": "admin.logentry", "pk": 41, "fields": {"action_time": "2023-01-21T01:23:58.409Z", "user": 1, "content_type": 8, "object_id": "2", "object_repr": "BurgerKing", "action_flag": 2, "change_message": "[{\"changed\": {\"fields\": [\"Is approved\"]}}]"}}, {"model": "admin.logentry", "pk": 42, "fields": {"action_time": "2023-01-21T03:32:46.332Z", "user": 1, "content_type": 6, "object_id": "27", "object_repr": "mmukhammadkodir@gmail.com", "action_flag": 3, "change_message": ""}}, {"model": "admin.logentry", "pk": 43, "fields": {"action_time": "2023-01-21T05:59:56.712Z", "user": 1, "content_type": 7, "object_id": "23", "object_repr": "dilfuzadostmatovaa@gmail.com", "action_flag": 2, "change_message": "[{\"changed\": {\"fields\": [\"Profile picture\", \"Cover photo\", \"Address line 1\", \"Address line 2\", \"Country\", \"City\"]}}]"}}, {"model": "admin.logentry", "pk": 44, "fields": {"action_time": "2023-01-21T15:22:50.330Z", "user": 1, "content_type": 7, "object_id": "23", "object_repr": "dilfuzadostmatovaa@gmail.com", "action_flag": 2, "change_message": "[{\"changed\": {\"fields\": [\"Address\"]}}]"}}, {"model": "admin.logentry", "pk": 45, "fields": {"action_time": "2023-01-23T10:38:43.699Z", "user": 1, "content_type": 10, "object_id": "1", "object_repr": "Burgers", "action_flag": 1, "change_message": "[{\"added\": {}}]"}}, {"model": "admin.logentry", "pk": 46, "fields": {"action_time": "2023-01-23T10:41:04.381Z", "user": 1, "content_type": 10, "object_id": "2", "object_repr": "sweats", "action_flag": 1, "change_message": "[{\"added\": {}}]"}}, {"model": "admin.logentry", "pk": 47, "fields": {"action_time": "2023-01-23T10:41:24.900Z", "user": 1, "content_type": 10, "object_id": "3", "object_repr": "buffy meat", "action_flag": 1, "change_message": "[{\"added\": {}}]"}}, {"model": "admin.logentry", "pk": 48, "fields": {"action_time": "2023-01-23T10:49:58.879Z", "user": 1, "content_type": 9, "object_id": "1", "object_repr": "Cheeseburger", "action_flag": 1, "change_message": "[{\"added\": {}}]"}}, {"model": "admin.logentry", "pk": 49, "fields": {"action_time": "2023-01-23T10:50:47.757Z", "user": 1, "content_type": 9, "object_id": "2", "object_repr": "Coffee tea", "action_flag": 1, "change_message": "[{\"added\": {}}]"}}, {"model": "admin.logentry", "pk": 50, "fields": {"action_time": "2023-01-23T10:51:17.023Z", "user": 1, "content_type": 9, "object_id": "3", "object_repr": "Ice cream", "action_flag": 1, "change_message": "[{\"added\": {}}]"}}, {"model": "admin.logentry", "pk": 51, "fields": {"action_time": "2023-01-23T10:51:45.489Z", "user": 1, "content_type": 9, "object_id": "4", "object_repr": "Banana burger", "action_flag": 1, "change_message": "[{\"added\": {}}]"}}, {"model": "admin.logentry", "pk": 52, "fields": {"action_time": "2023-01-23T10:52:16.380Z", "user": 1, "content_type": 9, "object_id": "5", "object_repr": "Jizz", "action_flag": 1, "change_message": "[{\"added\": {}}]"}}, {"model": "admin.logentry", "pk": 53, "fields": {"action_time": "2023-01-23T12:43:28.019Z", "user": 1, "content_type": 10, "object_id": "2", "object_repr": "sweats", "action_flag": 2, "change_message": "[{\"changed\": {\"fields\": [\"Description\"]}}]"}}, {"model": "admin.logentry", "pk": 54, "fields": {"action_time": "2023-01-23T12:43:40.896Z", "user": 1, "content_type": 10, "object_id": "3", "object_repr": "buffy meat", "action_flag": 2, "change_message": "[{\"changed\": {\"fields\": [\"Description\"]}}]"}}, {"model": "admin.logentry", "pk": 55, "fields": {"action_time": "2023-01-23T17:50:55.960Z", "user": 1, "content_type": 10, "object_id": "4", "object_repr": "Drinks", "action_flag": 1, "change_message": "[{\"added\": {}}]"}}, {"model": "admin.logentry", "pk": 56, "fields": {"action_time": "2023-01-24T09:18:41.352Z", "user": 1, "content_type": 8, "object_id": "3", "object_repr": "McDonalds", "action_flag": 2, "change_message": "[{\"changed\": {\"fields\": [\"Is approved\"]}}]"}}, {"model": "admin.logentry", "pk": 57, "fields": {"action_time": "2023-01-24T09:18:43.097Z", "user": 1, "content_type": 8, "object_id": "2", "object_repr": "BurgerKing", "action_flag": 2, "change_message": "[{\"changed\": {\"fields\": [\"Is approved\"]}}]"}}, {"model": "admin.logentry", "pk": 58, "fields": {"action_time": "2023-01-24T12:17:44.854Z", "user": 1, "content_type": 8, "object_id": "2", "object_repr": "BurgerKing", "action_flag": 2, "change_message": "[{\"changed\": {\"fields\": [\"Vendor slug\"]}}]"}}, {"model": "admin.logentry", "pk": 59, "fields": {"action_time": "2023-01-24T12:17:56.598Z", "user": 1, "content_type": 8, "object_id": "3", "object_repr": "McDonalds", "action_flag": 2, "change_message": "[{\"changed\": {\"fields\": [\"Vendor slug\"]}}]"}}, {"model": "admin.logentry", "pk": 60, "fields": {"action_time": "2023-01-24T12:26:24.000Z", "user": 1, "content_type": 8, "object_id": "4", "object_repr": "Virtual Foods", "action_flag": 3, "change_message": ""}}, {"model": "admin.logentry", "pk": 61, "fields": {"action_time": "2023-01-25T04:42:53.334Z", "user": 1, "content_type": 11, "object_id": "3", "object_repr": "Cart object (3)", "action_flag": 3, "change_message": ""}}, {"model": "admin.logentry", "pk": 62, "fields": {"action_time": "2023-01-25T04:42:53.518Z", "user": 1, "content_type": 11, "object_id": "2", "object_repr": "Cart object (2)", "action_flag": 3, "change_message": ""}}, {"model": "admin.logentry", "pk": 63, "fields": {"action_time": "2023-01-25T04:42:53.522Z", "user": 1, "content_type": 11, "object_id": "1", "object_repr": "Cart object (1)", "action_flag": 3, "change_message": ""}}, {"model": "admin.logentry", "pk": 64, "fields": {"action_time": "2023-01-25T12:06:03.718Z", "user": 1, "content_type": 11, "object_id": "11", "object_repr": "Cart object (11)", "action_flag": 3, "change_message": ""}}, {"model": "admin.logentry", "pk": 65, "fields": {"action_time": "2023-01-25T12:06:03.831Z", "user": 1, "content_type": 11, "object_id": "5", "object_repr": "Cart object (5)", "action_flag": 3, "change_message": ""}}, {"model": "admin.logentry", "pk": 66, "fields": {"action_time": "2023-01-25T12:06:03.834Z", "user": 1, "content_type": 11, "object_id": "4", "object_repr": "Cart object (4)", "action_flag": 3, "change_message": ""}}, {"model": "admin.logentry", "pk": 67, "fields": {"action_time": "2023-01-26T00:32:17.962Z", "user": 1, "content_type": 6, "object_id": "31", "object_repr": "humanai@gmail.com", "action_flag": 2, "change_message": "[{\"changed\": {\"fields\": [\"Is active\"]}}]"}}, {"model": "admin.logentry", "pk": 68, "fields": {"action_time": "2023-01-26T00:32:32.020Z", "user": 1, "content_type": 6, "object_id": "32", "object_repr": "thirdres@gmail.com", "action_flag": 2, "change_message": "[{\"changed\": {\"fields\": [\"Is active\"]}}]"}}, {"model": "admin.logentry", "pk": 69, "fields": {"action_time": "2023-01-26T00:40:46.589Z", "user": 1, "content_type": 8, "object_id": "5", "object_repr": "3rdres", "action_flag": 2, "change_message": "[{\"changed\": {\"fields\": [\"Is approved\"]}}]"}}, {"model": "admin.logentry", "pk": 70, "fields": {"action_time": "2023-01-26T00:44:37.233Z", "user": 1, "content_type": 6, "object_id": "31", "object_repr": "humanai@gmail.com", "action_flag": 3, "change_message": ""}}, {"model": "admin.logentry", "pk": 71, "fields": {"action_time": "2023-01-26T00:45:10.925Z", "user": 1, "content_type": 6, "object_id": "33", "object_repr": "fourthres@gmail.com", "action_flag": 3, "change_message": ""}}, {"model": "admin.logentry", "pk": 72, "fields": {"action_time": "2023-01-26T00:46:16.117Z", "user": 1, "content_type": 6, "object_id": "34", "object_repr": "fourthres@gmail.com", "action_flag": 2, "change_message": "[{\"changed\": {\"fields\": [\"Is active\"]}}]"}}, {"model": "admin.logentry", "pk": 73, "fields": {"action_time": "2023-01-26T00:49:02.636Z", "user": 1, "content_type": 8, "object_id": "6", "object_repr": "4thres", "action_flag": 2, "change_message": "[{\"changed\": {\"fields\": [\"Is approved\"]}}]"}}, {"model": "admin.logentry", "pk": 74, "fields": {"action_time": "2023-01-26T06:19:22.634Z", "user": 1, "content_type": 7, "object_id": "29", "object_repr": "fourthres@gmail.com", "action_flag": 2, "change_message": "[]"}}, {"model": "admin.logentry", "pk": 75, "fields": {"action_time": "2023-01-26T06:21:14.113Z", "user": 1, "content_type": 7, "object_id": "27", "object_repr": "thirdres@gmail.com", "action_flag": 2, "change_message": "[]"}}, {"model": "admin.logentry", "pk": 76, "fields": {"action_time": "2023-01-26T06:21:19.247Z", "user": 1, "content_type": 7, "object_id": "25", "object_repr": "boymirzayevadildora008@gmail.com", "action_flag": 2, "change_message": "[]"}}, {"model": "admin.logentry", "pk": 77, "fields": {"action_time": "2023-01-26T06:21:32.810Z", "user": 1, "content_type": 7, "object_id": "25", "object_repr": "boymirzayevadildora008@gmail.com", "action_flag": 2, "change_message": "[]"}}, {"model": "admin.logentry", "pk": 78, "fields": {"action_time": "2023-01-26T06:21:39.073Z", "user": 1, "content_type": 7, "object_id": "24", "object_repr": "mmukhammadkodir@gmail.com", "action_flag": 2, "change_message": "[]"}}, {"model": "admin.logentry", "pk": 79, "fields": {"action_time": "2023-01-26T06:21:44.830Z", "user": 1, "content_type": 7, "object_id": "23", "object_repr": "dilfuzadostmatovaa@gmail.com", "action_flag": 2, "change_message": "[]"}}, {"model": "admin.logentry", "pk": 80, "fields": {"action_time": "2023-01-26T06:21:51.498Z", "user": 1, "content_type": 7, "object_id": "3", "object_repr": "mukhammadkodirmakhmudjanov@gmail.com", "action_flag": 2, "change_message": "[]"}}, {"model": "admin.logentry", "pk": 81, "fields": {"action_time": "2023-01-26T06:22:37.016Z", "user": 1, "content_type": 7, "object_id": "25", "object_repr": "boymirzayevadildora008@gmail.com", "action_flag": 2, "change_message": "[]"}}, {"model": "admin.logentry", "pk": 82, "fields": {"action_time": "2023-01-26T23:51:52.266Z", "user": 1, "content_type": 12, "object_id": "1", "object_repr": "OpenHours object (1)", "action_flag": 1, "change_message": "[{\"added\": {}}]"}}, {"model": "admin.logentry", "pk": 83, "fields": {"action_time": "2023-01-28T13:37:49.240Z", "user": 1, "content_type": 7, "object_id": "24", "object_repr": "mmukhammadkodir@gmail.com", "action_flag": 2, "change_message": "[{\"changed\": {\"fields\": [\"Country\"]}}]"}}, {"model": "admin.logentry", "pk": 84, "fields": {"action_time": "2023-01-29T00:03:26.704Z", "user": 1, "content_type": 12, "object_id": "29", "object_repr": "Sunday", "action_flag": 2, "change_message": "[{\"changed\": {\"fields\": [\"From hour\", \"To hour\", \"Is closed\"]}}]"}}, {"model": "admin.logentry", "pk": 85, "fields": {"action_time": "2023-01-29T11:14:45.756Z", "user": 1, "content_type": 13, "object_id": "3", "object_repr": "123", "action_flag": 3, "change_message": ""}}, {"model": "admin.logentry", "pk": 86, "fields": {"action_time": "2023-01-31T14:47:15.526Z", "user": 1, "content_type": 13, "object_id": "6", "object_repr": "2023012916146", "action_flag": 3, "change_message": ""}}, {"model": "admin.logentry", "pk": 87, "fields": {"action_time": "2023-01-31T14:47:15.661Z", "user": 1, "content_type": 13, "object_id": "5", "object_repr": "202301291645None", "action_flag": 3, "change_message": ""}}, {"model": "admin.logentry", "pk": 88, "fields": {"action_time": "2023-01-31T14:47:15.677Z", "user": 1, "content_type": 13, "object_id": "4", "object_repr": "123", "action_flag": 3, "change_message": ""}}, {"model": "admin.logentry", "pk": 89, "fields": {"action_time": "2023-02-01T05:09:25.935Z", "user": 1, "content_type": 13, "object_id": "57", "object_repr": "20230131203657", "action_flag": 3, "change_message": ""}}, {"model": "admin.logentry", "pk": 90, "fields": {"action_time": "2023-02-01T05:09:25.987Z", "user": 1, "content_type": 13, "object_id": "56", "object_repr": "20230131194756", "action_flag": 3, "change_message": ""}}, {"model": "admin.logentry", "pk": 91, "fields": {"action_time": "2023-02-01T05:09:25.989Z", "user": 1, "content_type": 13, "object_id": "55", "object_repr": "20230131141755", "action_flag": 3, "change_message": ""}}, {"model": "admin.logentry", "pk": 92, "fields": {"action_time": "2023-02-01T05:09:25.991Z", "user": 1, "content_type": 13, "object_id": "54", "object_repr": "20230131141454", "action_flag": 3, "change_message": ""}}, {"model": "admin.logentry", "pk": 93, "fields": {"action_time": "2023-02-01T05:09:25.993Z", "user": 1, "content_type": 13, "object_id": "53", "object_repr": "20230131135453", "action_flag": 3, "change_message": ""}}, {"model": "admin.logentry", "pk": 94, "fields": {"action_time": "2023-02-01T05:09:25.995Z", "user": 1, "content_type": 13, "object_id": "52", "object_repr": "20230131135352", "action_flag": 3, "change_message": ""}}, {"model": "admin.logentry", "pk": 95, "fields": {"action_time": "2023-02-01T05:09:25.997Z", "user": 1, "content_type": 13, "object_id": "51", "object_repr": "20230131135251", "action_flag": 3, "change_message": ""}}, {"model": "admin.logentry", "pk": 96, "fields": {"action_time": "2023-02-01T05:09:25.999Z", "user": 1, "content_type": 13, "object_id": "50", "object_repr": "20230131135050", "action_flag": 3, "change_message": ""}}, {"model": "admin.logentry", "pk": 97, "fields": {"action_time": "2023-02-01T05:09:26.001Z", "user": 1, "content_type": 13, "object_id": "49", "object_repr": "20230131134949", "action_flag": 3, "change_message": ""}}, {"model": "admin.logentry", "pk": 98, "fields": {"action_time": "2023-02-01T05:09:26.002Z", "user": 1, "content_type": 13, "object_id": "48", "object_repr": "20230131134948", "action_flag": 3, "change_message": ""}}, {"model": "admin.logentry", "pk": 99, "fields": {"action_time": "2023-02-01T05:09:26.004Z", "user": 1, "content_type": 13, "object_id": "47", "object_repr": "20230131132447", "action_flag": 3, "change_message": ""}}, {"model": "admin.logentry", "pk": 100, "fields": {"action_time": "2023-02-01T05:09:26.006Z", "user": 1, "content_type": 13, "object_id": "46", "object_repr": "20230131132346", "action_flag": 3, "change_message": ""}}, {"model": "admin.logentry", "pk": 101, "fields": {"action_time": "2023-02-01T05:09:26.007Z", "user": 1, "content_type": 13, "object_id": "45", "object_repr": "20230131132245", "action_flag": 3, "change_message": ""}}, {"model": "admin.logentry", "pk": 102, "fields": {"action_time": "2023-02-01T05:09:26.009Z", "user": 1, "content_type": 13, "object_id": "44", "object_repr": "20230131132244", "action_flag": 3, "change_message": ""}}, {"model": "admin.logentry", "pk": 103, "fields": {"action_time": "2023-02-01T05:09:26.011Z", "user": 1, "content_type": 13, "object_id": "43", "object_repr": "20230131131443", "action_flag": 3, "change_message": ""}}, {"model": "admin.logentry", "pk": 104, "fields": {"action_time": "2023-02-01T05:09:26.013Z", "user": 1, "content_type": 13, "object_id": "42", "object_repr": "20230131131442", "action_flag": 3, "change_message": ""}}, {"model": "admin.logentry", "pk": 105, "fields": {"action_time": "2023-02-01T05:09:26.015Z", "user": 1, "content_type": 13, "object_id": "41", "object_repr": "20230131131241", "action_flag": 3, "change_message": ""}}, {"model": "admin.logentry", "pk": 106, "fields": {"action_time": "2023-02-01T05:09:26.016Z", "user": 1, "content_type": 13, "object_id": "40", "object_repr": "20230131131140", "action_flag": 3, "change_message": ""}}, {"model": "admin.logentry", "pk": 107, "fields": {"action_time": "2023-02-01T05:09:26.018Z", "user": 1, "content_type": 13, "object_id": "39", "object_repr": "20230131131039", "action_flag": 3, "change_message": ""}}, {"model": "admin.logentry", "pk": 108, "fields": {"action_time": "2023-02-01T05:09:26.019Z", "user": 1, "content_type": 13, "object_id": "38", "object_repr": "20230131130938", "action_flag": 3, "change_message": ""}}, {"model": "admin.logentry", "pk": 109, "fields": {"action_time": "2023-02-01T05:09:26.021Z", "user": 1, "content_type": 13, "object_id": "37", "object_repr": "20230131130937", "action_flag": 3, "change_message": ""}}, {"model": "admin.logentry", "pk": 110, "fields": {"action_time": "2023-02-01T05:09:26.023Z", "user": 1, "content_type": 13, "object_id": "36", "object_repr": "20230131130936", "action_flag": 3, "change_message": ""}}, {"model": "admin.logentry", "pk": 111, "fields": {"action_time": "2023-02-01T05:09:26.024Z", "user": 1, "content_type": 13, "object_id": "35", "object_repr": "20230131130935", "action_flag": 3, "change_message": ""}}, {"model": "admin.logentry", "pk": 112, "fields": {"action_time": "2023-02-01T05:09:26.027Z", "user": 1, "content_type": 13, "object_id": "34", "object_repr": "20230131130834", "action_flag": 3, "change_message": ""}}, {"model": "admin.logentry", "pk": 113, "fields": {"action_time": "2023-02-01T05:09:26.029Z", "user": 1, "content_type": 13, "object_id": "33", "object_repr": "20230131130633", "action_flag": 3, "change_message": ""}}, {"model": "admin.logentry", "pk": 114, "fields": {"action_time": "2023-02-01T05:09:26.031Z", "user": 1, "content_type": 13, "object_id": "32", "object_repr": "20230131130632", "action_flag": 3, "change_message": ""}}, {"model": "admin.logentry", "pk": 115, "fields": {"action_time": "2023-02-01T05:09:26.033Z", "user": 1, "content_type": 13, "object_id": "31", "object_repr": "20230131130631", "action_flag": 3, "change_message": ""}}, {"model": "admin.logentry", "pk": 116, "fields": {"action_time": "2023-02-01T05:09:26.034Z", "user": 1, "content_type": 13, "object_id": "30", "object_repr": "20230131130530", "action_flag": 3, "change_message": ""}}, {"model": "admin.logentry", "pk": 117, "fields": {"action_time": "2023-02-01T05:09:26.036Z", "user": 1, "content_type": 13, "object_id": "29", "object_repr": "20230131130329", "action_flag": 3, "change_message": ""}}, {"model": "admin.logentry", "pk": 118, "fields": {"action_time": "2023-02-01T05:09:26.038Z", "user": 1, "content_type": 13, "object_id": "28", "object_repr": "20230131130228", "action_flag": 3, "change_message": ""}}, {"model": "admin.logentry", "pk": 119, "fields": {"action_time": "2023-02-01T05:09:26.040Z", "user": 1, "content_type": 13, "object_id": "27", "object_repr": "20230131130227", "action_flag": 3, "change_message": ""}}, {"model": "admin.logentry", "pk": 120, "fields": {"action_time": "2023-02-01T05:09:26.042Z", "user": 1, "content_type": 13, "object_id": "26", "object_repr": "20230131130226", "action_flag": 3, "change_message": ""}}, {"model": "admin.logentry", "pk": 121, "fields": {"action_time": "2023-02-01T05:09:26.044Z", "user": 1, "content_type": 13, "object_id": "25", "object_repr": "20230131125825", "action_flag": 3, "change_message": ""}}, {"model": "admin.logentry", "pk": 122, "fields": {"action_time": "2023-02-01T05:09:26.045Z", "user": 1, "content_type": 13, "object_id": "24", "object_repr": "20230131104124", "action_flag": 3, "change_message": ""}}, {"model": "admin.logentry", "pk": 123, "fields": {"action_time": "2023-02-01T05:09:26.047Z", "user": 1, "content_type": 13, "object_id": "23", "object_repr": "20230131103823", "action_flag": 3, "change_message": ""}}, {"model": "admin.logentry", "pk": 124, "fields": {"action_time": "2023-02-01T05:09:26.049Z", "user": 1, "content_type": 13, "object_id": "22", "object_repr": "20230131103722", "action_flag": 3, "change_message": ""}}, {"model": "admin.logentry", "pk": 125, "fields": {"action_time": "2023-02-01T05:09:26.050Z", "user": 1, "content_type": 13, "object_id": "21", "object_repr": "20230131103621", "action_flag": 3, "change_message": ""}}, {"model": "admin.logentry", "pk": 126, "fields": {"action_time": "2023-02-01T05:09:26.052Z", "user": 1, "content_type": 13, "object_id": "20", "object_repr": "20230131075920", "action_flag": 3, "change_message": ""}}, {"model": "admin.logentry", "pk": 127, "fields": {"action_time": "2023-02-01T05:09:26.053Z", "user": 1, "content_type": 13, "object_id": "19", "object_repr": "20230131075819", "action_flag": 3, "change_message": ""}}, {"model": "admin.logentry", "pk": 128, "fields": {"action_time": "2023-02-01T05:09:26.055Z", "user": 1, "content_type": 13, "object_id": "18", "object_repr": "20230131075618", "action_flag": 3, "change_message": ""}}, {"model": "admin.logentry", "pk": 129, "fields": {"action_time": "2023-02-01T05:09:26.057Z", "user": 1, "content_type": 13, "object_id": "17", "object_repr": "20230131075517", "action_flag": 3, "change_message": ""}}, {"model": "admin.logentry", "pk": 130, "fields": {"action_time": "2023-02-01T05:09:26.059Z", "user": 1, "content_type": 13, "object_id": "16", "object_repr": "20230131075016", "action_flag": 3, "change_message": ""}}, {"model": "admin.logentry", "pk": 131, "fields": {"action_time": "2023-02-01T05:09:26.060Z", "user": 1, "content_type": 13, "object_id": "15", "object_repr": "20230131074915", "action_flag": 3, "change_message": ""}}, {"model": "admin.logentry", "pk": 132, "fields": {"action_time": "2023-02-01T05:09:26.062Z", "user": 1, "content_type": 13, "object_id": "14", "object_repr": "20230131074814", "action_flag": 3, "change_message": ""}}, {"model": "admin.logentry", "pk": 133, "fields": {"action_time": "2023-02-01T05:09:26.064Z", "user": 1, "content_type": 13, "object_id": "13", "object_repr": "20230131074813", "action_flag": 3, "change_message": ""}}, {"model": "admin.logentry", "pk": 134, "fields": {"action_time": "2023-02-01T05:09:26.065Z", "user": 1, "content_type": 13, "object_id": "12", "object_repr": "20230131074512", "action_flag": 3, "change_message": ""}}, {"model": "admin.logentry", "pk": 135, "fields": {"action_time": "2023-02-01T05:09:26.067Z", "user": 1, "content_type": 13, "object_id": "11", "object_repr": "20230131074311", "action_flag": 3, "change_message": ""}}, {"model": "admin.logentry", "pk": 136, "fields": {"action_time": "2023-02-01T05:09:26.068Z", "user": 1, "content_type": 13, "object_id": "10", "object_repr": "20230131074210", "action_flag": 3, "change_message": ""}}, {"model": "admin.logentry", "pk": 137, "fields": {"action_time": "2023-02-01T05:09:26.070Z", "user": 1, "content_type": 13, "object_id": "9", "object_repr": "2023013107419", "action_flag": 3, "change_message": ""}}, {"model": "admin.logentry", "pk": 138, "fields": {"action_time": "2023-02-01T05:09:26.072Z", "user": 1, "content_type": 13, "object_id": "8", "object_repr": "2023013106338", "action_flag": 3, "change_message": ""}}, {"model": "admin.logentry", "pk": 139, "fields": {"action_time": "2023-02-01T05:09:26.073Z", "user": 1, "content_type": 13, "object_id": "7", "object_repr": "2023012916467", "action_flag": 3, "change_message": ""}}, {"model": "admin.logentry", "pk": 140, "fields": {"action_time": "2023-02-01T07:07:58.487Z", "user": 1, "content_type": 13, "object_id": "63", "object_repr": "20230201105563", "action_flag": 3, "change_message": ""}}, {"model": "admin.logentry", "pk": 141, "fields": {"action_time": "2023-02-01T07:07:58.589Z", "user": 1, "content_type": 13, "object_id": "62", "object_repr": "", "action_flag": 3, "change_message": ""}}, {"model": "admin.logentry", "pk": 142, "fields": {"action_time": "2023-02-01T07:07:58.592Z", "user": 1, "content_type": 13, "object_id": "61", "object_repr": "", "action_flag": 3, "change_message": ""}}, {"model": "admin.logentry", "pk": 143, "fields": {"action_time": "2023-02-01T07:07:58.594Z", "user": 1, "content_type": 13, "object_id": "60", "object_repr": "", "action_flag": 3, "change_message": ""}}, {"model": "admin.logentry", "pk": 144, "fields": {"action_time": "2023-02-01T07:07:58.597Z", "user": 1, "content_type": 13, "object_id": "59", "object_repr": "20230201104759", "action_flag": 3, "change_message": ""}}, {"model": "admin.logentry", "pk": 145, "fields": {"action_time": "2023-02-01T07:07:58.599Z", "user": 1, "content_type": 13, "object_id": "58", "object_repr": "20230201101158", "action_flag": 3, "change_message": ""}}, {"model": "admin.logentry", "pk": 146, "fields": {"action_time": "2023-02-01T07:09:06.287Z", "user": 1, "content_type": 13, "object_id": "64", "object_repr": "cjdnjkcnd", "action_flag": 1, "change_message": "[{\"added\": {}}]"}}, {"model": "admin.logentry", "pk": 147, "fields": {"action_time": "2023-02-01T14:08:39.119Z", "user": 1, "content_type": 13, "object_id": "83", "object_repr": "20230201132883", "action_flag": 3, "change_message": ""}}, {"model": "admin.logentry", "pk": 148, "fields": {"action_time": "2023-02-01T14:08:39.495Z", "user": 1, "content_type": 13, "object_id": "82", "object_repr": "20230201132182", "action_flag": 3, "change_message": ""}}, {"model": "admin.logentry", "pk": 149, "fields": {"action_time": "2023-02-01T14:08:39.497Z", "user": 1, "content_type": 13, "object_id": "81", "object_repr": "20230201132081", "action_flag": 3, "change_message": ""}}, {"model": "admin.logentry", "pk": 150, "fields": {"action_time": "2023-02-01T14:08:39.499Z", "user": 1, "content_type": 13, "object_id": "80", "object_repr": "20230201131980", "action_flag": 3, "change_message": ""}}, {"model": "admin.logentry", "pk": 151, "fields": {"action_time": "2023-02-01T14:08:39.500Z", "user": 1, "content_type": 13, "object_id": "79", "object_repr": "20230201131479", "action_flag": 3, "change_message": ""}}, {"model": "admin.logentry", "pk": 152, "fields": {"action_time": "2023-02-01T14:08:39.502Z", "user": 1, "content_type": 13, "object_id": "78", "object_repr": "20230201130978", "action_flag": 3, "change_message": ""}}, {"model": "admin.logentry", "pk": 153, "fields": {"action_time": "2023-02-01T14:08:39.503Z", "user": 1, "content_type": 13, "object_id": "77", "object_repr": "20230201130977", "action_flag": 3, "change_message": ""}}, {"model": "admin.logentry", "pk": 154, "fields": {"action_time": "2023-02-01T14:08:39.544Z", "user": 1, "content_type": 13, "object_id": "76", "object_repr": "20230201125076", "action_flag": 3, "change_message": ""}}, {"model": "admin.logentry", "pk": 155, "fields": {"action_time": "2023-02-01T14:08:39.546Z", "user": 1, "content_type": 13, "object_id": "75", "object_repr": "20230201125075", "action_flag": 3, "change_message": ""}}, {"model": "admin.logentry", "pk": 156, "fields": {"action_time": "2023-02-01T14:08:39.548Z", "user": 1, "content_type": 13, "object_id": "74", "object_repr": "20230201124974", "action_flag": 3, "change_message": ""}}, {"model": "admin.logentry", "pk": 157, "fields": {"action_time": "2023-02-01T14:08:39.571Z", "user": 1, "content_type": 13, "object_id": "73", "object_repr": "20230201124873", "action_flag": 3, "change_message": ""}}, {"model": "admin.logentry", "pk": 158, "fields": {"action_time": "2023-02-01T14:08:39.574Z", "user": 1, "content_type": 13, "object_id": "72", "object_repr": "20230201124872", "action_flag": 3, "change_message": ""}}, {"model": "admin.logentry", "pk": 159, "fields": {"action_time": "2023-02-01T14:08:39.610Z", "user": 1, "content_type": 13, "object_id": "71", "object_repr": "20230201124671", "action_flag": 3, "change_message": ""}}, {"model": "admin.logentry", "pk": 160, "fields": {"action_time": "2023-02-01T14:08:39.612Z", "user": 1, "content_type": 13, "object_id": "70", "object_repr": "20230201124570", "action_flag": 3, "change_message": ""}}, {"model": "admin.logentry", "pk": 161, "fields": {"action_time": "2023-02-01T14:08:39.614Z", "user": 1, "content_type": 13, "object_id": "69", "object_repr": "20230201123569", "action_flag": 3, "change_message": ""}}, {"model": "admin.logentry", "pk": 162, "fields": {"action_time": "2023-02-01T14:08:39.616Z", "user": 1, "content_type": 13, "object_id": "68", "object_repr": "20230201123068", "action_flag": 3, "change_message": ""}}, {"model": "admin.logentry", "pk": 163, "fields": {"action_time": "2023-02-01T14:08:39.618Z", "user": 1, "content_type": 13, "object_id": "67", "object_repr": "20230201122967", "action_flag": 3, "change_message": ""}}, {"model": "admin.logentry", "pk": 164, "fields": {"action_time": "2023-02-01T14:08:39.621Z", "user": 1, "content_type": 13, "object_id": "66", "object_repr": "20230201122866", "action_flag": 3, "change_message": ""}}, {"model": "admin.logentry", "pk": 165, "fields": {"action_time": "2023-02-01T14:08:39.623Z", "user": 1, "content_type": 13, "object_id": "65", "object_repr": "", "action_flag": 3, "change_message": ""}}, {"model": "admin.logentry", "pk": 166, "fields": {"action_time": "2023-02-01T14:08:39.626Z", "user": 1, "content_type": 13, "object_id": "64", "object_repr": "cjdnjkcnd", "action_flag": 3, "change_message": ""}}, {"model": "admin.logentry", "pk": 167, "fields": {"action_time": "2023-02-01T23:25:58.131Z", "user": 1, "content_type": 6, "object_id": "35", "object_repr": "kkhasanboyeva@gmail.com", "action_flag": 3, "change_message": ""}}, {"model": "admin.logentry", "pk": 168, "fields": {"action_time": "2023-02-01T23:28:43.718Z", "user": 1, "content_type": 6, "object_id": "36", "object_repr": "kkhasanboyeva@gmail.com", "action_flag": 3, "change_message": ""}}, {"model": "admin.logentry", "pk": 169, "fields": {"action_time": "2023-02-01T23:38:55.475Z", "user": 1, "content_type": 6, "object_id": "37", "object_repr": "kkhasanboyeva@gmail.com", "action_flag": 3, "change_message": ""}}, {"model": "admin.logentry", "pk": 170, "fields": {"action_time": "2023-02-01T23:45:15.183Z", "user": 1, "content_type": 6, "object_id": "38", "object_repr": "kkhasanboyeva@gmail.com", "action_flag": 3, "change_message": ""}}, {"model": "admin.logentry", "pk": 171, "fields": {"action_time": "2023-02-01T23:45:15.226Z", "user": 1, "content_type": 6, "object_id": "29", "object_repr": "mmukhammadkodir@gmail.com", "action_flag": 3, "change_message": ""}}, {"model": "auth.permission", "pk": 1, "fields": {"name": "Can add log entry", "content_type": 1, "codename": "add_logentry"}}, {"model": "auth.permission", "pk": 2, "fields": {"name": "Can change log entry", "content_type": 1, "codename": "change_logentry"}}, {"model": "auth.permission", "pk": 3, "fields": {"name": "Can delete log entry", "content_type": 1, "codename": "delete_logentry"}}, {"model": "auth.permission", "pk": 4, "fields": {"name": "Can view log entry", "content_type": 1, "codename": "view_logentry"}}, {"model": "auth.permission", "pk": 5, "fields": {"name": "Can add permission", "content_type": 2, "codename": "add_permission"}}, {"model": "auth.permission", "pk": 6, "fields": {"name": "Can change permission", "content_type": 2, "codename": "change_permission"}}, {"model": "auth.permission", "pk": 7, "fields": {"name": "Can delete permission", "content_type": 2, "codename": "delete_permission"}}, {"model": "auth.permission", "pk": 8, "fields": {"name": "Can view permission", "content_type": 2, "codename": "view_permission"}}, {"model": "auth.permission", "pk": 9, "fields": {"name": "Can add group", "content_type": 3, "codename": "add_group"}}, {"model": "auth.permission", "pk": 10, "fields": {"name": "Can change group", "content_type": 3, "codename": "change_group"}}, {"model": "auth.permission", "pk": 11, "fields": {"name": "Can delete group", "content_type": 3, "codename": "delete_group"}}, {"model": "auth.permission", "pk": 12, "fields": {"name": "Can view group", "content_type": 3, "codename": "view_group"}}, {"model": "auth.permission", "pk": 13, "fields": {"name": "Can add content type", "content_type": 4, "codename": "add_contenttype"}}, {"model": "auth.permission", "pk": 14, "fields": {"name": "Can change content type", "content_type": 4, "codename": "change_contenttype"}}, {"model": "auth.permission", "pk": 15, "fields": {"name": "Can delete content type", "content_type": 4, "codename": "delete_contenttype"}}, {"model": "auth.permission", "pk": 16, "fields": {"name": "Can view content type", "content_type": 4, "codename": "view_contenttype"}}, {"model": "auth.permission", "pk": 17, "fields": {"name": "Can add session", "content_type": 5, "codename": "add_session"}}, {"model": "auth.permission", "pk": 18, "fields": {"name": "Can change session", "content_type": 5, "codename": "change_session"}}, {"model": "auth.permission", "pk": 19, "fields": {"name": "Can delete session", "content_type": 5, "codename": "delete_session"}}, {"model": "auth.permission", "pk": 20, "fields": {"name": "Can view session", "content_type": 5, "codename": "view_session"}}, {"model": "auth.permission", "pk": 21, "fields": {"name": "Can add user", "content_type": 6, "codename": "add_user"}}, {"model": "auth.permission", "pk": 22, "fields": {"name": "Can change user", "content_type": 6, "codename": "change_user"}}, {"model": "auth.permission", "pk": 23, "fields": {"name": "Can delete user", "content_type": 6, "codename": "delete_user"}}, {"model": "auth.permission", "pk": 24, "fields": {"name": "Can view user", "content_type": 6, "codename": "view_user"}}, {"model": "auth.permission", "pk": 25, "fields": {"name": "Can add user profile", "content_type": 7, "codename": "add_userprofile"}}, {"model": "auth.permission", "pk": 26, "fields": {"name": "Can change user profile", "content_type": 7, "codename": "change_userprofile"}}, {"model": "auth.permission", "pk": 27, "fields": {"name": "Can delete user profile", "content_type": 7, "codename": "delete_userprofile"}}, {"model": "auth.permission", "pk": 28, "fields": {"name": "Can view user profile", "content_type": 7, "codename": "view_userprofile"}}, {"model": "auth.permission", "pk": 29, "fields": {"name": "Can add vendor", "content_type": 8, "codename": "add_vendor"}}, {"model": "auth.permission", "pk": 30, "fields": {"name": "Can change vendor", "content_type": 8, "codename": "change_vendor"}}, {"model": "auth.permission", "pk": 31, "fields": {"name": "Can delete vendor", "content_type": 8, "codename": "delete_vendor"}}, {"model": "auth.permission", "pk": 32, "fields": {"name": "Can view vendor", "content_type": 8, "codename": "view_vendor"}}, {"model": "auth.permission", "pk": 33, "fields": {"name": "Can add food item", "content_type": 9, "codename": "add_fooditem"}}, {"model": "auth.permission", "pk": 34, "fields": {"name": "Can change food item", "content_type": 9, "codename": "change_fooditem"}}, {"model": "auth.permission", "pk": 35, "fields": {"name": "Can delete food item", "content_type": 9, "codename": "delete_fooditem"}}, {"model": "auth.permission", "pk": 36, "fields": {"name": "Can view food item", "content_type": 9, "codename": "view_fooditem"}}, {"model": "auth.permission", "pk": 37, "fields": {"name": "Can add category", "content_type": 10, "codename": "add_category"}}, {"model": "auth.permission", "pk": 38, "fields": {"name": "Can change category", "content_type": 10, "codename": "change_category"}}, {"model": "auth.permission", "pk": 39, "fields": {"name": "Can delete category", "content_type": 10, "codename": "delete_category"}}, {"model": "auth.permission", "pk": 40, "fields": {"name": "Can view category", "content_type": 10, "codename": "view_category"}}, {"model": "auth.permission", "pk": 41, "fields": {"name": "Can add cart", "content_type": 11, "codename": "add_cart"}}, {"model": "auth.permission", "pk": 42, "fields": {"name": "Can change cart", "content_type": 11, "codename": "change_cart"}}, {"model": "auth.permission", "pk": 43, "fields": {"name": "Can delete cart", "content_type": 11, "codename": "delete_cart"}}, {"model": "auth.permission", "pk": 44, "fields": {"name": "Can view cart", "content_type": 11, "codename": "view_cart"}}, {"model": "auth.permission", "pk": 45, "fields": {"name": "Can add open hours", "content_type": 12, "codename": "add_openhours"}}, {"model": "auth.permission", "pk": 46, "fields": {"name": "Can change open hours", "content_type": 12, "codename": "change_openhours"}}, {"model": "auth.permission", "pk": 47, "fields": {"name": "Can delete open hours", "content_type": 12, "codename": "delete_openhours"}}, {"model": "auth.permission", "pk": 48, "fields": {"name": "Can view open hours", "content_type": 12, "codename": "view_openhours"}}, {"model": "auth.permission", "pk": 49, "fields": {"name": "Can add order", "content_type": 13, "codename": "add_order"}}, {"model": "auth.permission", "pk": 50, "fields": {"name": "Can change order", "content_type": 13, "codename": "change_order"}}, {"model": "auth.permission", "pk": 51, "fields": {"name": "Can delete order", "content_type": 13, "codename": "delete_order"}}, {"model": "auth.permission", "pk": 52, "fields": {"name": "Can view order", "content_type": 13, "codename": "view_order"}}, {"model": "auth.permission", "pk": 53, "fields": {"name": "Can add ordered food", "content_type": 14, "codename": "add_orderedfood"}}, {"model": "auth.permission", "pk": 54, "fields": {"name": "Can change ordered food", "content_type": 14, "codename": "change_orderedfood"}}, {"model": "auth.permission", "pk": 55, "fields": {"name": "Can delete ordered food", "content_type": 14, "codename": "delete_orderedfood"}}, {"model": "auth.permission", "pk": 56, "fields": {"name": "Can view ordered food", "content_type": 14, "codename": "view_orderedfood"}}, {"model": "auth.permission", "pk": 57, "fields": {"name": "Can add payment", "content_type": 15, "codename": "add_payment"}}, {"model": "auth.permission", "pk": 58, "fields": {"name": "Can change payment", "content_type": 15, "codename": "change_payment"}}, {"model": "auth.permission", "pk": 59, "fields": {"name": "Can delete payment", "content_type": 15, "codename": "delete_payment"}}, {"model": "auth.permission", "pk": 60, "fields": {"name": "Can view payment", "content_type": 15, "codename": "view_payment"}}, {"model": "contenttypes.contenttype", "pk": 1, "fields": {"app_label": "admin", "model": "logentry"}}, {"model": "contenttypes.contenttype", "pk": 2, "fields": {"app_label": "auth", "model": "permission"}}, {"model": "contenttypes.contenttype", "pk": 3, "fields": {"app_label": "auth", "model": "group"}}, {"model": "contenttypes.contenttype", "pk": 4, "fields": {"app_label": "contenttypes", "model": "contenttype"}}, {"model": "contenttypes.contenttype", "pk": 5, "fields": {"app_label": "sessions", "model": "session"}}, {"model": "contenttypes.contenttype", "pk": 6, "fields": {"app_label": "accounts", "model": "user"}}, {"model": "contenttypes.contenttype", "pk": 7, "fields": {"app_label": "accounts", "model": "userprofile"}}, {"model": "contenttypes.contenttype", "pk": 8, "fields": {"app_label": "vendor", "model": "vendor"}}, {"model": "contenttypes.contenttype", "pk": 9, "fields": {"app_label": "menu", "model": "fooditem"}}, {"model": "contenttypes.contenttype", "pk": 10, "fields": {"app_label": "menu", "model": "category"}}, {"model": "contenttypes.contenttype", "pk": 11, "fields": {"app_label": "marketplace", "model": "cart"}}, {"model": "contenttypes.contenttype", "pk": 12, "fields": {"app_label": "vendor", "model": "openhours"}}, {"model": "contenttypes.contenttype", "pk": 13, "fields": {"app_label": "orders", "model": "order"}}, {"model": "contenttypes.contenttype", "pk": 14, "fields": {"app_label": "orders", "model": "orderedfood"}}, {"model": "contenttypes.contenttype", "pk": 15, "fields": {"app_label": "orders", "model": "payment"}}, {"model": "sessions.session", "pk": "5v801vups5a1jcj9gkcukdyiwc5v8z8l", "fields": {"session_data": ".eJxVjDkOgzAQRe_iOrJs8DKTMj1nQDNegAQZiaWKcvcYiSJp3_v_vUVPxz72x5bWforiLrS4_TKm8ErlFPFJZVhkWMq-TizPibzsJrslpvlxbf8CI21jfUO0bUBPik2GoCiCwkw2GEueAlMix4CkssbonTPWZ50sMjCYpoVUozPtNWS0bLCi1p2oDBU5lI22YJwRny8EYEDd:1pL2xi:mf0xQJeXG1AO6rPfd43VcpD3SbvQpDSrgoGHfCFYhFk", "expire_date": "2023-02-09T14:10:46.571Z"}}, {"model": "sessions.session", "pk": "6b4pu7lxsqb5q6dbjwnvcvuczx1qj4s1", "fields": {"session_data": ".eJxVjMsOwiAQRf-FtSFkKC-X7v0GMgODVA0kpV0Z_12bdKHbe865LxFxW2vcBi9xzuIswIvT70iYHtx2ku_Ybl2m3tZlJrkr8qBDXnvm5-Vw_w4qjvqtlcbiCUziAMo6BS4wUjKMBpzlYAuBDuBYZ-t0wMkW7VhhCuQnABLvDwWcN-Y:1pNONT:icfAi9y6RAyL77hwQ0Tzla9juG80zmoqTureJfBe0NA", "expire_date": "2023-02-16T01:27:03.716Z"}}, {"model": "sessions.session", "pk": "8kpbnm67nmjutwt8gz35iy4d5cmzq9e2", "fields": {"session_data": ".eJxVjDkOwjAQRe_iGlmTGS8xJT1niMb2ZAHkSFkqxN1xpBTQvvf_e6uO923s9lWWbsrqqrBVl18YOT2lHCY_uAyzTnPZlinqY6JPu-r7nOV1O7d_gZHXsb6BuG8j2iQBwXlAH4RjssIWvZPg-ogU0Atl5ymwcT15AU4htgYx1uiLtxoyjSawtjHNgcpQkQuakCyAV58v8QlAOw:1pLC4x:ILkZNKlCwuGw_opo_UGBP4n5E16P0ePa7z_X_FJ285Y", "expire_date": "2023-02-09T23:54:51.280Z"}}, {"model": "sessions.session", "pk": "phthobv4cqatrdgju8ey073yxc3s4q05", "fields": {"session_data": ".eJxVjDsOwjAQBe_iGlk2K39CSc8ZrF3vGgeQI8VJFXF3iJQC2jczb1MJ16WmtcucRlYXBYM6_Y6E-SltJ_zAdp90ntoyj6R3RR-069vE8roe7t9BxV6_tQGI-QzBEA4i4gs4QoNgC5BEUxAdirPMwQsJO8feBgsgLuQIVtT7AyOMOLo:1pNMnt:qdWVdigShLmP5-UX4cYZ8nf1s6hl3ZL1WZjJ3YgYZx0", "expire_date": "2023-02-15T23:46:13.576Z"}}, {"model": "sessions.session", "pk": "v8bkgpnjly69d3pchh1fq2gqq742z4eu", "fields": {"session_data": ".eJxVjMEOwiAQRP-FsyHCUgGP3vsNZGFZqRpISnsy_rtt0oMe5jLvzbxFwHUpYe15DhOJqwAtTr9lxPTMdSf0wHpvMrW6zFOUuyIP2uXYKL9uh_t3ULCXbR2RvAfNrC2xSgxpQH-2lIzlZMhFcu6SIW6xCjjTAOCt4ozWOc1GfL41pjjo:1pKqL1:FoiNi7ldj50MAkPEmgfmGYg7cTBm4Fk5wDpAgI6Yfxw", "expire_date": "2023-02-09T00:41:59.665Z"}}, {"model": "sessions.session", "pk": "ykjkat8jmxk3xqrol21sj9fgt7dzk1ae", "fields": {"session_data": ".eJxVjMsOwiAQRf-FtSE8CqUu3fsNZGYYpGogKe3K-O_apAvd3nPOfYkI21ri1nmJcxJnYZU4_Y4I9OC6k3SHemuSWl2XGeWuyIN2eW2Jn5fD_Tso0Mu35knDkBwRJueUQfTZ65HcqIM2wXnwEAx6UCaDs4oJ0Ng8GIs5W56CeH8AD4U4Ug:1pKBXJ:jzidw_8DJzO4S-O4zAWlvOMAIVS9SekDY9V3lZWqKHI", "expire_date": "2023-02-07T05:07:57.101Z"}}, {"model": "sessions.session", "pk": "zcgbmfp0mslthxpug7sfulaj9x3f831s", "fields": {"session_data": ".eJxVjDsOwjAQBe_iGln27to4lPQ5g7X-4QBypDipEHeHSCmgfTPzXsLztla_9bz4KYmLQBKn3zFwfOS2k3TndptlnNu6TEHuijxol-Oc8vN6uH8HlXv91uwcoo5gGQMCDcWFgFQwQYKS6ZwUaauNMxk4FjMEq9iAphIjsFZKvD_8HTe4:1pKqPL:PmFgmc__hk6y6c8Q-9m7YvTKUUe4PdxaV5m6Hd9H0p0", "expire_date": "2023-02-09T00:46:27.123Z"}}, {"model": "accounts.user", "pk": 1, "fields": {"password": "pbkdf2_sha256$390000$GcJO3hRE9VCcpPebRDGXw2$c+xmkkJgZx85ArZBDoCHD/e0gzrAtYMoEP4vz/Qmqks=", "first_name": "Muhammad", "last_name": "Mahmudjano", "username": "parzivald", "email": "mukhammadkodirmakhmudjanov@gmail.com", "phone_number": "", "role": null, "date_joined": "2023-01-17T13:52:47.619Z", "last_login": "2023-01-25T14:44:15.063Z", "created_date": "2023-01-17T13:52:47.619Z", "modified_date": "2023-01-17", "is_admin": true, "is_staff": true, "is_active": true, "is_superadmin": true}}, {"model": "accounts.user", "pk": 28, "fields": {"password": "pbkdf2_sha256$390000$t8rNzHSNSP4YAM2pmLRnDM$GDjXpAMBNwwugQEyK6SxBHQ1Seh4VzItSv7IEpWLu/U=", "first_name": "Dilfuza", "last_name": "Do'stmatova", "username": "dilfuzaoy", "email": "dilfuzadostmatovaa@gmail.com", "phone_number": "", "role": 1, "date_joined": "2023-01-20T07:33:36.451Z", "last_login": "2023-02-02T01:27:03.672Z", "created_date": "2023-01-20T07:33:36.451Z", "modified_date": "2023-01-20", "is_admin": false, "is_staff": false, "is_active": true, "is_superadmin": false}}, {"model": "accounts.user", "pk": 30, "fields": {"password": "pbkdf2_sha256$390000$ZqL5SqJ1oXpfOrMXJ8DL4v$nrRlQNHpHlrMQDnfhfz67teHtOS7GOUd63hxgVqu2Eo=", "first_name": "Dildora", "last_name": "Boymirzayeva", "username": "dildoraxonim", "email": "boymirzayevadildora008@gmail.com", "phone_number": "", "role": 1, "date_joined": "2023-01-24T04:52:38.795Z", "last_login": "2023-01-24T05:07:57.053Z", "created_date": "2023-01-24T04:52:38.795Z", "modified_date": "2023-01-24", "is_admin": false, "is_staff": false, "is_active": true, "is_superadmin": false}}, {"model": "accounts.user", "pk": 32, "fields": {"password": "pbkdf2_sha256$390000$NAykTve7zEvz6aZjjW0N9w$rdaG5w7egsSDZkRXwQUKsYKorn6LK9UX0ZeD2v+wzBI=", "first_name": "Third", "last_name": "Restaurant", "username": "3rdres", "email": "thirdres@gmail.com", "phone_number": "", "role": 1, "date_joined": "2023-01-26T00:31:01.010Z", "last_login": "2023-01-26T00:41:59.644Z", "created_date": "2023-01-26T00:31:01.010Z", "modified_date": "2023-01-26", "is_admin": false, "is_staff": false, "is_active": true, "is_superadmin": false}}, {"model": "accounts.user", "pk": 34, "fields": {"password": "pbkdf2_sha256$390000$v6WoyDDxYDzD5ORDGyEXYS$/gVlMdiCl7l/nxOH9wZawEvEakqbMy9OFWYQnE7nOPI=", "first_name": "4th", "last_name": "Restaurant", "username": "4thres", "email": "fourthres@gmail.com", "phone_number": "", "role": 1, "date_joined": "2023-01-26T00:46:03.240Z", "last_login": "2023-01-26T00:46:27.114Z", "created_date": "2023-01-26T00:46:03.240Z", "modified_date": "2023-01-26", "is_admin": false, "is_staff": false, "is_active": true, "is_superadmin": false}}, {"model": "accounts.user", "pk": 39, "fields": {"password": "pbkdf2_sha256$390000$hJX2GI0Db7q3F1BlwSG69z$O7CzydW5raB0qoBz7TE9Q4IdAL7sTANUxmvkC/nWh9c=", "first_name": "Muhammad", "last_name": "Mahmudjanov", "username": "zenoperrs", "email": "mmukhammadkodir@gmail.com", "phone_number": "777777777", "role": 2, "date_joined": "2023-02-01T23:45:48.917Z", "last_login": "2023-02-02T01:16:41.334Z", "created_date": "2023-02-01T23:45:48.917Z", "modified_date": "2023-02-02", "is_admin": false, "is_staff": false, "is_active": true, "is_superadmin": false}}, {"model": "accounts.userprofile", "pk": 3, "fields": {"user": 1, "profile_picture": "", "cover_photo": "", "address": null, "country": null, "state": null, "city": null, "pin_code": null, "latitude": null, "longitude": null, "location": null, "created_at": "2023-01-18T06:38:45.292Z", "modified_at": "2023-01-18T06:38:45.292Z"}}, {"model": "accounts.userprofile", "pk": 23, "fields": {"user": 28, "profile_picture": "users/profile_pictures/veg-pizza-600x600.jpg", "cover_photo": "users/cover_photo/cover-photo-1_GnxbX9E.PNG", "address": "Tashkent City Park, Tashkent, Uzbekistan", "country": "Uzbekistan", "state": "Toshkent Shahri", "city": "Tashkent", "pin_code": "777777", "latitude": "41.316655", "longitude": "69.2484841", "location": "SRID=4326;POINT (69.2484841 41.316655)", "created_at": "2023-01-20T07:33:36.469Z", "modified_at": "2023-01-20T07:33:36.469Z"}}, {"model": "accounts.userprofile", "pk": 25, "fields": {"user": 30, "profile_picture": "users/profile_pictures/burger-600x600_4L6XXLv.jpg", "cover_photo": "users/cover_photo/cover-photo-1_dbgRooJ.PNG", "address": "Tashkent, Uzbekistan", "country": "Uzbekistan", "state": "Tashkent", "city": "Tashkent", "pin_code": null, "latitude": "41.2994958", "longitude": "69.2400734", "location": "SRID=4326;POINT (69.2400734 41.2994958)", "created_at": "2023-01-24T04:52:39.136Z", "modified_at": "2023-01-24T04:52:39.136Z"}}, {"model": "accounts.userprofile", "pk": 27, "fields": {"user": 32, "profile_picture": "users/profile_pictures/chicken-600x600.jpg", "cover_photo": "users/cover_photo/cover-photo-1_QPdqsnF.PNG", "address": "Tashkent, Uzbekistan", "country": "Uzbekistan", "state": "Toshkent", "city": "Tashkent", "pin_code": null, "latitude": "41.2994958", "longitude": "69.2400734", "location": "SRID=4326;POINT (69.2400734 41.2994958)", "created_at": "2023-01-26T00:31:01.384Z", "modified_at": "2023-01-26T00:31:01.384Z"}}, {"model": "accounts.userprofile", "pk": 29, "fields": {"user": 34, "profile_picture": "users/profile_pictures/chicken-barbeque.jpg", "cover_photo": "users/cover_photo/cover-photo-2.PNG", "address": "Tashkent, Uzbekistan", "country": "Uzbekistan", "state": null, "city": "Tashkent", "pin_code": null, "latitude": "41.2994958", "longitude": "69.2400734", "location": "SRID=4326;POINT (69.2400734 41.2994958)", "created_at": "2023-01-26T00:46:03.246Z", "modified_at": "2023-01-26T00:46:03.247Z"}}, {"model": "accounts.userprofile", "pk": 34, "fields": {"user": 39, "profile_picture": "", "cover_photo": "", "address": "Yashnobod Tumani, Tashkent, Uzbekistan", "country": "Uzbekistan", "state": "Tashkent Region", "city": "Tashkent", "pin_code": "458544", "latitude": "41.286283", "longitude": "69.32351229999999", "location": "SRID=4326;POINT (69.32351229999999 41.286283)", "created_at": "2023-02-01T23:45:48.946Z", "modified_at": "2023-02-01T23:45:48.946Z"}}, {"model": "vendor.vendor", "pk": 2, "fields": {"user": 28, "user_profile": 23, "vendor_name": "BurgerKing", "vendor_slug": "burgerking", "vendor_license": "vendor/license/italian-pizza-600x600.jpg", "is_approved": true, "created_at": "2023-01-20T07:33:36.715Z", "modified_at": "2023-01-20"}}, {"model": "vendor.vendor", "pk": 3, "fields": {"user": 30, "user_profile": 25, "vendor_name": "McDonalds", "vendor_slug": "mcdonalds", "vendor_license": "vendor/license/profile-picture-2_SW2Melu.PNG", "is_approved": true, "created_at": "2023-01-24T04:52:39.481Z", "modified_at": "2023-01-24"}}, {"model": "vendor.vendor", "pk": 5, "fields": {"user": 32, "user_profile": 27, "vendor_name": "3rdres", "vendor_slug": "3rdres-32", "vendor_license": "vendor/license/italian-pizza-600x600_gIVS11H.jpg", "is_approved": true, "created_at": "2023-01-26T00:31:01.758Z", "modified_at": "2023-01-26"}}, {"model": "vendor.vendor", "pk": 6, "fields": {"user": 34, "user_profile": 29, "vendor_name": "4thres", "vendor_slug": "4thres-34", "vendor_license": "vendor/license/steam-rice.jpg", "is_approved": true, "created_at": "2023-01-26T00:46:03.263Z", "modified_at": "2023-01-26"}}, {"model": "vendor.openhours", "pk": 19, "fields": {"vendor": 2, "day": 2, "from_hour": "07:00 AM", "to_hour": "04:00 PM", "is_closed": false}}, {"model": "vendor.openhours", "pk": 23, "fields": {"vendor": 2, "day": 1, "from_hour": "09:00 AM", "to_hour": "02:30 PM", "is_closed": false}}, {"model": "vendor.openhours", "pk": 24, "fields": {"vendor": 2, "day": 3, "from_hour": "10:00 AM", "to_hour": "05:00 PM", "is_closed": false}}, {"model": "vendor.openhours", "pk": 25, "fields": {"vendor": 2, "day": 4, "from_hour": "01:30 PM", "to_hour": "08:30 PM", "is_closed": false}}, {"model": "vendor.openhours", "pk": 26, "fields": {"vendor": 2, "day": 5, "from_hour": "", "to_hour": "", "is_closed": true}}, {"model": "vendor.openhours", "pk": 29, "fields": {"vendor": 2, "day": 7, "from_hour": "12:00 AM", "to_hour": "11:30 PM", "is_closed": false}}, {"model": "vendor.openhours", "pk": 30, "fields": {"vendor": 3, "day": 2, "from_hour": "07:30 AM", "to_hour": "06:00 PM", "is_closed": false}}, {"model": "vendor.openhours", "pk": 31, "fields": {"vendor": 3, "day": 1, "from_hour": "", "to_hour": "", "is_closed": true}}, {"model": "vendor.openhours", "pk": 32, "fields": {"vendor": 3, "day": 3, "from_hour": "07:30 AM", "to_hour": "08:30 PM", "is_closed": false}}, {"model": "vendor.openhours", "pk": 33, "fields": {"vendor": 3, "day": 4, "from_hour": "08:00 AM", "to_hour": "07:30 PM", "is_closed": false}}, {"model": "vendor.openhours", "pk": 34, "fields": {"vendor": 3, "day": 5, "from_hour": "07:30 AM", "to_hour": "09:00 PM", "is_closed": false}}, {"model": "vendor.openhours", "pk": 35, "fields": {"vendor": 3, "day": 6, "from_hour": "07:30 AM", "to_hour": "09:30 PM", "is_closed": false}}, {"model": "vendor.openhours", "pk": 37, "fields": {"vendor": 3, "day": 7, "from_hour": "", "to_hour": "", "is_closed": true}}, {"model": "vendor.openhours", "pk": 38, "fields": {"vendor": 2, "day": 6, "from_hour": "04:00 AM", "to_hour": "08:00 PM", "is_closed": false}}, {"model": "menu.category", "pk": 1, "fields": {"vendor": 2, "category_name": "Burgers", "slug": "burgers", "description": "Burgers are a good way of eating more calories than you should. But they taste soo good!", "created_at": "2023-01-23T10:38:43.694Z", "updated_at": "2023-01-24T04:32:56.005Z"}}, {"model": "menu.category", "pk": 2, "fields": {"vendor": 2, "category_name": "sweats", "slug": "sweats", "description": "Have a good time)", "created_at": "2023-01-23T10:41:04.379Z", "updated_at": "2023-01-23T12:43:27.853Z"}}, {"model": "menu.category", "pk": 3, "fields": {"vendor": 2, "category_name": "buffy meat", "slug": "buffy-meat", "description": "Meaty Mushrooms", "created_at": "2023-01-23T10:41:24.894Z", "updated_at": "2023-01-23T12:43:40.815Z"}}, {"model": "menu.category", "pk": 5, "fields": {"vendor": 2, "category_name": "Milly Taomlar", "slug": "milly-taomlar", "description": "Rayhon restaurant", "created_at": "2023-01-23T18:32:09.078Z", "updated_at": "2023-01-23T18:32:09.078Z"}}, {"model": "menu.category", "pk": 10, "fields": {"vendor": 3, "category_name": "Tea", "slug": "tea", "description": "the same bro", "created_at": "2023-01-24T05:31:46.481Z", "updated_at": "2023-01-25T14:11:41.536Z"}}, {"model": "menu.category", "pk": 11, "fields": {"vendor": 3, "category_name": "Dessert", "slug": "dessert", "description": "desert", "created_at": "2023-01-24T06:05:19.102Z", "updated_at": "2023-01-25T14:12:04.402Z"}}, {"model": "menu.category", "pk": 12, "fields": {"vendor": 5, "category_name": "Drinks", "slug": "drinks-12", "description": "", "created_at": "2023-01-26T00:55:14.700Z", "updated_at": "2023-01-26T00:55:14.735Z"}}, {"model": "menu.category", "pk": 13, "fields": {"vendor": 6, "category_name": "Chicken", "slug": "chicken-13", "description": "", "created_at": "2023-01-26T00:55:20.478Z", "updated_at": "2023-01-26T00:55:20.481Z"}}, {"model": "menu.fooditem", "pk": 2, "fields": {"vendor": 2, "category": 2, "food_title": "Coffee tea", "slug": "coffee-tea", "description": "Alright, this is working :)", "price": "2.00", "image": "foodimages/profile-picture-1.PNG", "is_available": true, "created_at": "2023-01-23T10:50:47.755Z", "updated_at": "2023-01-24T04:30:46.987Z"}}, {"model": "menu.fooditem", "pk": 3, "fields": {"vendor": 2, "category": 2, "food_title": "Ice cream", "slug": "ice-cream", "description": "", "price": "3.00", "image": "foodimages/profile-picture-1_Nw3TsnP.PNG", "is_available": false, "created_at": "2023-01-23T10:51:17.021Z", "updated_at": "2023-01-24T04:46:43.240Z"}}, {"model": "menu.fooditem", "pk": 5, "fields": {"vendor": 2, "category": 3, "food_title": "Jizz", "slug": "jizz", "description": "", "price": "20.00", "image": "foodimages/chicken-600x600.jpg", "is_available": true, "created_at": "2023-01-23T10:52:16.379Z", "updated_at": "2023-01-23T10:52:16.379Z"}}, {"model": "menu.fooditem", "pk": 6, "fields": {"vendor": 2, "category": 5, "food_title": "Kebab", "slug": "kebab", "description": "Mazzali :)", "price": "2.00", "image": "foodimages/chicken-600x600_YImCQn7.jpg", "is_available": true, "created_at": "2023-01-24T01:41:21.471Z", "updated_at": "2023-01-24T01:41:21.471Z"}}, {"model": "menu.fooditem", "pk": 7, "fields": {"vendor": 3, "category": 5, "food_title": "Chuchvara", "slug": "chuchvara", "description": "Milliy Taom.....", "price": "5.00", "image": "foodimages/a71.jpg", "is_available": false, "created_at": "2023-01-24T05:32:44.213Z", "updated_at": "2023-01-24T05:32:44.217Z"}}, {"model": "menu.fooditem", "pk": 8, "fields": {"vendor": 3, "category": 10, "food_title": "Ko'k choy", "slug": "kok-choy", "description": "", "price": "1.00", "image": "foodimages/a330.jpg", "is_available": true, "created_at": "2023-01-25T14:12:44.790Z", "updated_at": "2023-01-25T14:12:44.790Z"}}, {"model": "menu.fooditem", "pk": 9, "fields": {"vendor": 3, "category": 11, "food_title": "Cake", "slug": "cake", "description": "Maazaaliiiii", "price": "5.00", "image": "foodimages/a88.jpg", "is_available": true, "created_at": "2023-01-25T14:13:25.736Z", "updated_at": "2023-01-25T14:13:25.736Z"}}, {"model": "menu.fooditem", "pk": 10, "fields": {"vendor": 6, "category": 13, "food_title": "Do'mboq Jo'ja", "slug": "domboq-joja", "description": "", "price": "4.98", "image": "foodimages/chicken-600x600_NJ1fWjo.jpg", "is_available": true, "created_at": "2023-01-26T00:56:01.131Z", "updated_at": "2023-01-26T00:56:01.131Z"}}, {"model": "menu.fooditem", "pk": 11, "fields": {"vendor": 5, "category": 12, "food_title": "Coke-Cola", "slug": "coke-cola", "description": "", "price": "1.00", "image": "foodimages/profile-picture-4.PNG", "is_available": true, "created_at": "2023-01-26T00:56:34.031Z", "updated_at": "2023-01-26T00:56:34.031Z"}}, {"model": "menu.fooditem", "pk": 12, "fields": {"vendor": 6, "category": 13, "food_title": "Qovurilgan go'sht", "slug": "qovurilgan-gosht", "description": "", "price": "10.00", "image": "foodimages/Pan-Fried-Chicken-600x600.jpg", "is_available": true, "created_at": "2023-01-26T00:58:25.124Z", "updated_at": "2023-01-26T00:58:25.124Z"}}, {"model": "menu.fooditem", "pk": 13, "fields": {"vendor": 5, "category": 12, "food_title": "Fanta", "slug": "fanta", "description": "", "price": "1.99", "image": "foodimages/seafood-600x600.jpg", "is_available": true, "created_at": "2023-01-26T00:59:02.048Z", "updated_at": "2023-01-26T00:59:02.048Z"}}, {"model": "marketplace.cart", "pk": 80, "fields": {"user": 39, "fooditem": 6, "quantity": 2, "created_at": "2023-02-02T01:19:44.233Z", "updated_at": "2023-02-02T01:19:44.233Z"}}, {"model": "marketplace.cart", "pk": 81, "fields": {"user": 39, "fooditem": 2, "quantity": 2, "created_at": "2023-02-02T01:19:45.864Z", "updated_at": "2023-02-02T01:19:45.864Z"}}, {"model": "marketplace.cart", "pk": 82, "fields": {"user": 39, "fooditem": 5, "quantity": 1, "created_at": "2023-02-02T01:19:47.183Z", "updated_at": "2023-02-02T01:19:47.183Z"}}, {"model": "orders.order", "pk": 84, "fields": {"user": null, "payment": null, "order_number": "20230201190984", "first_name": "Muhammad", "last_name": "Mahmudjanov", "phone": "99899225022", "email": "mmukhammadkodir@gmail.com", "address": "Tashkent, Uzbekistan", "country": "Uzbekistan", "state": "Namangan viloyati", "city": "Tashkent", "pin_code": "161210", "total_data": "{\"2\": \"64.00\", \"3\": \"10.00\"}", "total": 74.0, "status": "New", "is_ordered": false, "created_at": "2023-02-01T14:09:19.025Z", "updated_at": "2023-02-01T14:09:19.134Z", "vendors": [2, 3]}}, {"model": "orders.order", "pk": 85, "fields": {"user": null, "payment": null, "order_number": "20230201190985", "first_name": "Muhammad", "last_name": "Mahmudjanov", "phone": "99899225022", "email": "mmukhammadkodir@gmail.com", "address": "Tashkent, Uzbekistan", "country": "Uzbekistan", "state": "Namangan viloyati", "city": "Tashkent", "pin_code": "161210", "total_data": "{\"2\": \"102.00\", \"3\": \"5.00\"}", "total": 107.0, "status": "New", "is_ordered": false, "created_at": "2023-02-01T14:09:48.058Z", "updated_at": "2023-02-01T14:09:48.064Z", "vendors": [2, 3]}}, {"model": "orders.order", "pk": 86, "fields": {"user": null, "payment": null, "order_number": "20230201191186", "first_name": "Muhammad", "last_name": "Mahmudjanov", "phone": "99899225022", "email": "mmukhammadkodir@gmail.com", "address": "Tashkent, Uzbekistan", "country": "Uzbekistan", "state": "Namangan viloyati", "city": "Tashkent", "pin_code": "161210", "total_data": "{\"2\": \"44.00\"}", "total": 44.0, "status": "New", "is_ordered": false, "created_at": "2023-02-01T14:11:32.051Z", "updated_at": "2023-02-01T14:11:32.057Z", "vendors": [2]}}, {"model": "orders.order", "pk": 87, "fields": {"user": null, "payment": null, "order_number": "20230201191487", "first_name": "Muhammad", "last_name": "Mahmudjanov", "phone": "99899225022", "email": "mmukhammadkodir@gmail.com", "address": "Tashkent, Uzbekistan", "country": "Uzbekistan", "state": "Namangan viloyati", "city": "Tashkent", "pin_code": "161210", "total_data": "{\"3\": \"18.00\", \"2\": \"110.00\"}", "total": 128.0, "status": "New", "is_ordered": false, "created_at": "2023-02-01T14:14:16.860Z", "updated_at": "2023-02-01T14:14:16.894Z", "vendors": [2, 3]}}, {"model": "orders.order", "pk": 88, "fields": {"user": null, "payment": null, "order_number": "20230201200588", "first_name": "Muhammad", "last_name": "Mahmudjanov", "phone": "99899225022", "email": "mmukhammadkodir@gmail.com", "address": "Tashkent, Uzbekistan", "country": "Uzbekistan", "state": "Namangan viloyati", "city": "Tashkent", "pin_code": "161210", "total_data": "{\"3\": \"3.00\", \"2\": \"104.00\"}", "total": 107.0, "status": "New", "is_ordered": false, "created_at": "2023-02-01T15:05:21.426Z", "updated_at": "2023-02-01T15:05:21.887Z", "vendors": [2, 3]}}, {"model": "orders.order", "pk": 89, "fields": {"user": 39, "payment": null, "order_number": "20230202062289", "first_name": "Muhammad", "last_name": "Mahmudjanov", "phone": "", "email": "mmukhammadkodir@gmail.com", "address": "Yashnobod Tumani, Tashkent, Uzbekistan", "country": "Uzbekistan", "state": "Tashkent Region", "city": "Tashkent", "pin_code": "545211", "total_data": "{\"2\": \"28.00\"}", "total": 28.0, "status": "New", "is_ordered": false, "created_at": "2023-02-02T01:22:57.233Z", "updated_at": "2023-02-02T01:22:57.419Z", "vendors": [2]}}]